downloaded,language,form,measure,age,word,proportion
2025-01-25,English (American),WS,produces,16,a,0.04
2025-01-25,English (American),WS,produces,17,a,0.04
2025-01-25,English (American),WS,produces,18,a,0.07
2025-01-25,English (American),WS,produces,19,a,0.12
2025-01-25,English (American),WS,produces,20,a,0.14
2025-01-25,English (American),WS,produces,21,a,0.17
2025-01-25,English (American),WS,produces,22,a,0.25
2025-01-25,English (American),WS,produces,23,a,0.28
2025-01-25,English (American),WS,produces,24,a,0.29
2025-01-25,English (American),WS,produces,25,a,0.37
2025-01-25,English (American),WS,produces,26,a,0.39
2025-01-25,English (American),WS,produces,27,a,0.47
2025-01-25,English (American),WS,produces,28,a,0.54
2025-01-25,English (American),WS,produces,29,a,0.56
2025-01-25,English (American),WS,produces,30,a,0.65
2025-01-25,English (American),WS,produces,16,a lot,0
2025-01-25,English (American),WS,produces,17,a lot,0.01
2025-01-25,English (American),WS,produces,18,a lot,0.02
2025-01-25,English (American),WS,produces,19,a lot,0.05
2025-01-25,English (American),WS,produces,20,a lot,0.05
2025-01-25,English (American),WS,produces,21,a lot,0.06
2025-01-25,English (American),WS,produces,22,a lot,0.1
2025-01-25,English (American),WS,produces,23,a lot,0.17
2025-01-25,English (American),WS,produces,24,a lot,0.19
2025-01-25,English (American),WS,produces,25,a lot,0.26
2025-01-25,English (American),WS,produces,26,a lot,0.27
2025-01-25,English (American),WS,produces,27,a lot,0.35
2025-01-25,English (American),WS,produces,28,a lot,0.42
2025-01-25,English (American),WS,produces,29,a lot,0.54
2025-01-25,English (American),WS,produces,30,a lot,0.59
2025-01-25,English (American),WS,produces,16,about,0
2025-01-25,English (American),WS,produces,17,about,0
2025-01-25,English (American),WS,produces,18,about,0
2025-01-25,English (American),WS,produces,19,about,0
2025-01-25,English (American),WS,produces,20,about,0.03
2025-01-25,English (American),WS,produces,21,about,0.03
2025-01-25,English (American),WS,produces,22,about,0.04
2025-01-25,English (American),WS,produces,23,about,0.03
2025-01-25,English (American),WS,produces,24,about,0.06
2025-01-25,English (American),WS,produces,25,about,0.08
2025-01-25,English (American),WS,produces,26,about,0.11
2025-01-25,English (American),WS,produces,27,about,0.11
2025-01-25,English (American),WS,produces,28,about,0.13
2025-01-25,English (American),WS,produces,29,about,0.25
2025-01-25,English (American),WS,produces,30,about,0.31
2025-01-25,English (American),WS,produces,16,above,0.01
2025-01-25,English (American),WS,produces,17,above,0.01
2025-01-25,English (American),WS,produces,18,above,0.01
2025-01-25,English (American),WS,produces,19,above,0.02
2025-01-25,English (American),WS,produces,20,above,0.03
2025-01-25,English (American),WS,produces,21,above,0.03
2025-01-25,English (American),WS,produces,22,above,0.04
2025-01-25,English (American),WS,produces,23,above,0.04
2025-01-25,English (American),WS,produces,24,above,0.08
2025-01-25,English (American),WS,produces,25,above,0.11
2025-01-25,English (American),WS,produces,26,above,0.12
2025-01-25,English (American),WS,produces,27,above,0.17
2025-01-25,English (American),WS,produces,28,above,0.2
2025-01-25,English (American),WS,produces,29,above,0.25
2025-01-25,English (American),WS,produces,30,above,0.32
2025-01-25,English (American),WS,produces,16,after,0
2025-01-25,English (American),WS,produces,17,after,0
2025-01-25,English (American),WS,produces,18,after,0.02
2025-01-25,English (American),WS,produces,19,after,0.02
2025-01-25,English (American),WS,produces,20,after,0.03
2025-01-25,English (American),WS,produces,21,after,0.06
2025-01-25,English (American),WS,produces,22,after,0.08
2025-01-25,English (American),WS,produces,23,after,0.12
2025-01-25,English (American),WS,produces,24,after,0.18
2025-01-25,English (American),WS,produces,25,after,0.23
2025-01-25,English (American),WS,produces,26,after,0.24
2025-01-25,English (American),WS,produces,27,after,0.31
2025-01-25,English (American),WS,produces,28,after,0.33
2025-01-25,English (American),WS,produces,29,after,0.48
2025-01-25,English (American),WS,produces,30,after,0.55
2025-01-25,English (American),WS,produces,16,all,0.03
2025-01-25,English (American),WS,produces,17,all,0.04
2025-01-25,English (American),WS,produces,18,all,0.06
2025-01-25,English (American),WS,produces,19,all,0.12
2025-01-25,English (American),WS,produces,20,all,0.13
2025-01-25,English (American),WS,produces,21,all,0.17
2025-01-25,English (American),WS,produces,22,all,0.21
2025-01-25,English (American),WS,produces,23,all,0.34
2025-01-25,English (American),WS,produces,24,all,0.33
2025-01-25,English (American),WS,produces,25,all,0.38
2025-01-25,English (American),WS,produces,26,all,0.43
2025-01-25,English (American),WS,produces,27,all,0.48
2025-01-25,English (American),WS,produces,28,all,0.55
2025-01-25,English (American),WS,produces,29,all,0.64
2025-01-25,English (American),WS,produces,30,all,0.71
2025-01-25,English (American),WS,produces,16,am,0.01
2025-01-25,English (American),WS,produces,17,am,0.01
2025-01-25,English (American),WS,produces,18,am,0.02
2025-01-25,English (American),WS,produces,19,am,0.03
2025-01-25,English (American),WS,produces,20,am,0.07
2025-01-25,English (American),WS,produces,21,am,0.06
2025-01-25,English (American),WS,produces,22,am,0.1
2025-01-25,English (American),WS,produces,23,am,0.13
2025-01-25,English (American),WS,produces,24,am,0.18
2025-01-25,English (American),WS,produces,25,am,0.25
2025-01-25,English (American),WS,produces,26,am,0.24
2025-01-25,English (American),WS,produces,27,am,0.33
2025-01-25,English (American),WS,produces,28,am,0.43
2025-01-25,English (American),WS,produces,29,am,0.52
2025-01-25,English (American),WS,produces,30,am,0.58
2025-01-25,English (American),WS,produces,16,an,0
2025-01-25,English (American),WS,produces,17,an,0
2025-01-25,English (American),WS,produces,18,an,0
2025-01-25,English (American),WS,produces,19,an,0.02
2025-01-25,English (American),WS,produces,20,an,0.02
2025-01-25,English (American),WS,produces,21,an,0.02
2025-01-25,English (American),WS,produces,22,an,0.04
2025-01-25,English (American),WS,produces,23,an,0.03
2025-01-25,English (American),WS,produces,24,an,0.04
2025-01-25,English (American),WS,produces,25,an,0.09
2025-01-25,English (American),WS,produces,26,an,0.09
2025-01-25,English (American),WS,produces,27,an,0.12
2025-01-25,English (American),WS,produces,28,an,0.17
2025-01-25,English (American),WS,produces,29,an,0.19
2025-01-25,English (American),WS,produces,30,an,0.22
2025-01-25,English (American),WS,produces,16,and,0.01
2025-01-25,English (American),WS,produces,17,and,0.01
2025-01-25,English (American),WS,produces,18,and,0.02
2025-01-25,English (American),WS,produces,19,and,0.05
2025-01-25,English (American),WS,produces,20,and,0.09
2025-01-25,English (American),WS,produces,21,and,0.09
2025-01-25,English (American),WS,produces,22,and,0.17
2025-01-25,English (American),WS,produces,23,and,0.32
2025-01-25,English (American),WS,produces,24,and,0.3
2025-01-25,English (American),WS,produces,25,and,0.36
2025-01-25,English (American),WS,produces,26,and,0.45
2025-01-25,English (American),WS,produces,27,and,0.49
2025-01-25,English (American),WS,produces,28,and,0.56
2025-01-25,English (American),WS,produces,29,and,0.66
2025-01-25,English (American),WS,produces,30,and,0.72
2025-01-25,English (American),WS,produces,16,any,0
2025-01-25,English (American),WS,produces,17,any,0.01
2025-01-25,English (American),WS,produces,18,any,0.01
2025-01-25,English (American),WS,produces,19,any,0.03
2025-01-25,English (American),WS,produces,20,any,0.03
2025-01-25,English (American),WS,produces,21,any,0.04
2025-01-25,English (American),WS,produces,22,any,0.05
2025-01-25,English (American),WS,produces,23,any,0.09
2025-01-25,English (American),WS,produces,24,any,0.12
2025-01-25,English (American),WS,produces,25,any,0.15
2025-01-25,English (American),WS,produces,26,any,0.21
2025-01-25,English (American),WS,produces,27,any,0.31
2025-01-25,English (American),WS,produces,28,any,0.28
2025-01-25,English (American),WS,produces,29,any,0.39
2025-01-25,English (American),WS,produces,30,any,0.45
2025-01-25,English (American),WS,produces,16,are,0
2025-01-25,English (American),WS,produces,17,are,0.01
2025-01-25,English (American),WS,produces,18,are,0.01
2025-01-25,English (American),WS,produces,19,are,0.02
2025-01-25,English (American),WS,produces,20,are,0.04
2025-01-25,English (American),WS,produces,21,are,0.04
2025-01-25,English (American),WS,produces,22,are,0.07
2025-01-25,English (American),WS,produces,23,are,0.1
2025-01-25,English (American),WS,produces,24,are,0.14
2025-01-25,English (American),WS,produces,25,are,0.16
2025-01-25,English (American),WS,produces,26,are,0.21
2025-01-25,English (American),WS,produces,27,are,0.27
2025-01-25,English (American),WS,produces,28,are,0.34
2025-01-25,English (American),WS,produces,29,are,0.4
2025-01-25,English (American),WS,produces,30,are,0.5
2025-01-25,English (American),WS,produces,16,at,0.02
2025-01-25,English (American),WS,produces,17,at,0.02
2025-01-25,English (American),WS,produces,18,at,0.03
2025-01-25,English (American),WS,produces,19,at,0.04
2025-01-25,English (American),WS,produces,20,at,0.07
2025-01-25,English (American),WS,produces,21,at,0.09
2025-01-25,English (American),WS,produces,22,at,0.13
2025-01-25,English (American),WS,produces,23,at,0.16
2025-01-25,English (American),WS,produces,24,at,0.2
2025-01-25,English (American),WS,produces,25,at,0.25
2025-01-25,English (American),WS,produces,26,at,0.33
2025-01-25,English (American),WS,produces,27,at,0.38
2025-01-25,English (American),WS,produces,28,at,0.37
2025-01-25,English (American),WS,produces,29,at,0.51
2025-01-25,English (American),WS,produces,30,at,0.52
2025-01-25,English (American),WS,produces,16,be,0
2025-01-25,English (American),WS,produces,17,be,0.02
2025-01-25,English (American),WS,produces,18,be,0.01
2025-01-25,English (American),WS,produces,19,be,0.04
2025-01-25,English (American),WS,produces,20,be,0.04
2025-01-25,English (American),WS,produces,21,be,0.06
2025-01-25,English (American),WS,produces,22,be,0.08
2025-01-25,English (American),WS,produces,23,be,0.13
2025-01-25,English (American),WS,produces,24,be,0.12
2025-01-25,English (American),WS,produces,25,be,0.17
2025-01-25,English (American),WS,produces,26,be,0.21
2025-01-25,English (American),WS,produces,27,be,0.24
2025-01-25,English (American),WS,produces,28,be,0.3
2025-01-25,English (American),WS,produces,29,be,0.39
2025-01-25,English (American),WS,produces,30,be,0.47
2025-01-25,English (American),WS,produces,16,before,0
2025-01-25,English (American),WS,produces,17,before,0
2025-01-25,English (American),WS,produces,18,before,0.01
2025-01-25,English (American),WS,produces,19,before,0.01
2025-01-25,English (American),WS,produces,20,before,0.01
2025-01-25,English (American),WS,produces,21,before,0.03
2025-01-25,English (American),WS,produces,22,before,0.05
2025-01-25,English (American),WS,produces,23,before,0.06
2025-01-25,English (American),WS,produces,24,before,0.08
2025-01-25,English (American),WS,produces,25,before,0.12
2025-01-25,English (American),WS,produces,26,before,0.15
2025-01-25,English (American),WS,produces,27,before,0.18
2025-01-25,English (American),WS,produces,28,before,0.19
2025-01-25,English (American),WS,produces,29,before,0.35
2025-01-25,English (American),WS,produces,30,before,0.41
2025-01-25,English (American),WS,produces,16,because,0
2025-01-25,English (American),WS,produces,17,because,0
2025-01-25,English (American),WS,produces,18,because,0
2025-01-25,English (American),WS,produces,19,because,0.03
2025-01-25,English (American),WS,produces,20,because,0.04
2025-01-25,English (American),WS,produces,21,because,0.03
2025-01-25,English (American),WS,produces,22,because,0.07
2025-01-25,English (American),WS,produces,23,because,0.1
2025-01-25,English (American),WS,produces,24,because,0.11
2025-01-25,English (American),WS,produces,25,because,0.14
2025-01-25,English (American),WS,produces,26,because,0.2
2025-01-25,English (American),WS,produces,27,because,0.27
2025-01-25,English (American),WS,produces,28,because,0.31
2025-01-25,English (American),WS,produces,29,because,0.39
2025-01-25,English (American),WS,produces,30,because,0.49
2025-01-25,English (American),WS,produces,16,but,0.01
2025-01-25,English (American),WS,produces,17,but,0.01
2025-01-25,English (American),WS,produces,18,but,0.01
2025-01-25,English (American),WS,produces,19,but,0.03
2025-01-25,English (American),WS,produces,20,but,0.03
2025-01-25,English (American),WS,produces,21,but,0.04
2025-01-25,English (American),WS,produces,22,but,0.07
2025-01-25,English (American),WS,produces,23,but,0.08
2025-01-25,English (American),WS,produces,24,but,0.07
2025-01-25,English (American),WS,produces,25,but,0.11
2025-01-25,English (American),WS,produces,26,but,0.14
2025-01-25,English (American),WS,produces,27,but,0.2
2025-01-25,English (American),WS,produces,28,but,0.26
2025-01-25,English (American),WS,produces,29,but,0.35
2025-01-25,English (American),WS,produces,30,but,0.4
2025-01-25,English (American),WS,produces,16,yourself,0
2025-01-25,English (American),WS,produces,17,yourself,0
2025-01-25,English (American),WS,produces,18,yourself,0
2025-01-25,English (American),WS,produces,19,yourself,0.01
2025-01-25,English (American),WS,produces,20,yourself,0.02
2025-01-25,English (American),WS,produces,21,yourself,0
2025-01-25,English (American),WS,produces,22,yourself,0.01
2025-01-25,English (American),WS,produces,23,yourself,0.03
2025-01-25,English (American),WS,produces,24,yourself,0.04
2025-01-25,English (American),WS,produces,25,yourself,0.06
2025-01-25,English (American),WS,produces,26,yourself,0.07
2025-01-25,English (American),WS,produces,27,yourself,0.1
2025-01-25,English (American),WS,produces,28,yourself,0.15
2025-01-25,English (American),WS,produces,29,yourself,0.15
2025-01-25,English (American),WS,produces,30,yourself,0.25
2025-01-25,English (American),WS,produces,16,you,0.07
2025-01-25,English (American),WS,produces,17,you,0.07
2025-01-25,English (American),WS,produces,18,you,0.14
2025-01-25,English (American),WS,produces,19,you,0.2
2025-01-25,English (American),WS,produces,20,you,0.25
2025-01-25,English (American),WS,produces,21,you,0.29
2025-01-25,English (American),WS,produces,22,you,0.37
2025-01-25,English (American),WS,produces,23,you,0.47
2025-01-25,English (American),WS,produces,24,you,0.46
2025-01-25,English (American),WS,produces,25,you,0.58
2025-01-25,English (American),WS,produces,26,you,0.62
2025-01-25,English (American),WS,produces,27,you,0.69
2025-01-25,English (American),WS,produces,28,you,0.74
2025-01-25,English (American),WS,produces,29,you,0.81
2025-01-25,English (American),WS,produces,30,you,0.81
2025-01-25,English (American),WS,produces,16,your,0
2025-01-25,English (American),WS,produces,17,your,0.01
2025-01-25,English (American),WS,produces,18,your,0
2025-01-25,English (American),WS,produces,19,your,0.04
2025-01-25,English (American),WS,produces,20,your,0.04
2025-01-25,English (American),WS,produces,21,your,0.06
2025-01-25,English (American),WS,produces,22,your,0.06
2025-01-25,English (American),WS,produces,23,your,0.14
2025-01-25,English (American),WS,produces,24,your,0.15
2025-01-25,English (American),WS,produces,25,your,0.23
2025-01-25,English (American),WS,produces,26,your,0.26
2025-01-25,English (American),WS,produces,27,your,0.28
2025-01-25,English (American),WS,produces,28,your,0.35
2025-01-25,English (American),WS,produces,29,your,0.48
2025-01-25,English (American),WS,produces,30,your,0.54
2025-01-25,English (American),WS,produces,16,yes,0.31
2025-01-25,English (American),WS,produces,17,yes,0.42
2025-01-25,English (American),WS,produces,18,yes,0.48
2025-01-25,English (American),WS,produces,19,yes,0.59
2025-01-25,English (American),WS,produces,20,yes,0.61
2025-01-25,English (American),WS,produces,21,yes,0.74
2025-01-25,English (American),WS,produces,22,yes,0.79
2025-01-25,English (American),WS,produces,23,yes,0.83
2025-01-25,English (American),WS,produces,24,yes,0.85
2025-01-25,English (American),WS,produces,25,yes,0.91
2025-01-25,English (American),WS,produces,26,yes,0.88
2025-01-25,English (American),WS,produces,27,yes,0.9
2025-01-25,English (American),WS,produces,28,yes,0.92
2025-01-25,English (American),WS,produces,29,yes,0.95
2025-01-25,English (American),WS,produces,30,yes,0.95
2025-01-25,English (American),WS,produces,16,with,0
2025-01-25,English (American),WS,produces,17,with,0
2025-01-25,English (American),WS,produces,18,with,0.01
2025-01-25,English (American),WS,produces,19,with,0.05
2025-01-25,English (American),WS,produces,20,with,0.04
2025-01-25,English (American),WS,produces,21,with,0.05
2025-01-25,English (American),WS,produces,22,with,0.13
2025-01-25,English (American),WS,produces,23,with,0.18
2025-01-25,English (American),WS,produces,24,with,0.22
2025-01-25,English (American),WS,produces,25,with,0.26
2025-01-25,English (American),WS,produces,26,with,0.33
2025-01-25,English (American),WS,produces,27,with,0.4
2025-01-25,English (American),WS,produces,28,with,0.42
2025-01-25,English (American),WS,produces,29,with,0.56
2025-01-25,English (American),WS,produces,30,with,0.63
2025-01-25,English (American),WS,produces,16,will,0
2025-01-25,English (American),WS,produces,17,will,0.01
2025-01-25,English (American),WS,produces,18,will,0.01
2025-01-25,English (American),WS,produces,19,will,0.03
2025-01-25,English (American),WS,produces,20,will,0.03
2025-01-25,English (American),WS,produces,21,will,0.04
2025-01-25,English (American),WS,produces,22,will,0.06
2025-01-25,English (American),WS,produces,23,will,0.09
2025-01-25,English (American),WS,produces,24,will,0.09
2025-01-25,English (American),WS,produces,25,will,0.14
2025-01-25,English (American),WS,produces,26,will,0.17
2025-01-25,English (American),WS,produces,27,will,0.22
2025-01-25,English (American),WS,produces,28,will,0.29
2025-01-25,English (American),WS,produces,29,will,0.39
2025-01-25,English (American),WS,produces,30,will,0.47
2025-01-25,English (American),WS,produces,16,when,0
2025-01-25,English (American),WS,produces,17,when,0
2025-01-25,English (American),WS,produces,18,when,0.01
2025-01-25,English (American),WS,produces,19,when,0.02
2025-01-25,English (American),WS,produces,20,when,0.03
2025-01-25,English (American),WS,produces,21,when,0.03
2025-01-25,English (American),WS,produces,22,when,0.02
2025-01-25,English (American),WS,produces,23,when,0.07
2025-01-25,English (American),WS,produces,24,when,0.07
2025-01-25,English (American),WS,produces,25,when,0.12
2025-01-25,English (American),WS,produces,26,when,0.17
2025-01-25,English (American),WS,produces,27,when,0.24
2025-01-25,English (American),WS,produces,28,when,0.22
2025-01-25,English (American),WS,produces,29,when,0.34
2025-01-25,English (American),WS,produces,30,when,0.44
2025-01-25,English (American),WS,produces,16,us,0
2025-01-25,English (American),WS,produces,17,us,0
2025-01-25,English (American),WS,produces,18,us,0
2025-01-25,English (American),WS,produces,19,us,0.02
2025-01-25,English (American),WS,produces,20,us,0.02
2025-01-25,English (American),WS,produces,21,us,0.02
2025-01-25,English (American),WS,produces,22,us,0.05
2025-01-25,English (American),WS,produces,23,us,0.07
2025-01-25,English (American),WS,produces,24,us,0.07
2025-01-25,English (American),WS,produces,25,us,0.11
2025-01-25,English (American),WS,produces,26,us,0.12
2025-01-25,English (American),WS,produces,27,us,0.17
2025-01-25,English (American),WS,produces,28,us,0.19
2025-01-25,English (American),WS,produces,29,us,0.28
2025-01-25,English (American),WS,produces,30,us,0.35
2025-01-25,English (American),WS,produces,16,some,0.02
2025-01-25,English (American),WS,produces,17,some,0.02
2025-01-25,English (American),WS,produces,18,some,0.06
2025-01-25,English (American),WS,produces,19,some,0.1
2025-01-25,English (American),WS,produces,20,some,0.14
2025-01-25,English (American),WS,produces,21,some,0.15
2025-01-25,English (American),WS,produces,22,some,0.24
2025-01-25,English (American),WS,produces,23,some,0.29
2025-01-25,English (American),WS,produces,24,some,0.32
2025-01-25,English (American),WS,produces,25,some,0.4
2025-01-25,English (American),WS,produces,26,some,0.42
2025-01-25,English (American),WS,produces,27,some,0.47
2025-01-25,English (American),WS,produces,28,some,0.52
2025-01-25,English (American),WS,produces,29,some,0.6
2025-01-25,English (American),WS,produces,30,some,0.69
2025-01-25,English (American),WS,produces,16,so,0
2025-01-25,English (American),WS,produces,17,so,0.01
2025-01-25,English (American),WS,produces,18,so,0.01
2025-01-25,English (American),WS,produces,19,so,0.04
2025-01-25,English (American),WS,produces,20,so,0.04
2025-01-25,English (American),WS,produces,21,so,0.05
2025-01-25,English (American),WS,produces,22,so,0.09
2025-01-25,English (American),WS,produces,23,so,0.08
2025-01-25,English (American),WS,produces,24,so,0.11
2025-01-25,English (American),WS,produces,25,so,0.14
2025-01-25,English (American),WS,produces,26,so,0.16
2025-01-25,English (American),WS,produces,27,so,0.22
2025-01-25,English (American),WS,produces,28,so,0.25
2025-01-25,English (American),WS,produces,29,so,0.32
2025-01-25,English (American),WS,produces,30,so,0.38
2025-01-25,English (American),WS,produces,16,she,0
2025-01-25,English (American),WS,produces,17,she,0.01
2025-01-25,English (American),WS,produces,18,she,0.03
2025-01-25,English (American),WS,produces,19,she,0.05
2025-01-25,English (American),WS,produces,20,she,0.04
2025-01-25,English (American),WS,produces,21,she,0.08
2025-01-25,English (American),WS,produces,22,she,0.1
2025-01-25,English (American),WS,produces,23,she,0.13
2025-01-25,English (American),WS,produces,24,she,0.17
2025-01-25,English (American),WS,produces,25,she,0.22
2025-01-25,English (American),WS,produces,26,she,0.29
2025-01-25,English (American),WS,produces,27,she,0.36
2025-01-25,English (American),WS,produces,28,she,0.36
2025-01-25,English (American),WS,produces,29,she,0.5
2025-01-25,English (American),WS,produces,30,she,0.55
2025-01-25,English (American),WS,produces,16,our,0
2025-01-25,English (American),WS,produces,17,our,0.01
2025-01-25,English (American),WS,produces,18,our,0
2025-01-25,English (American),WS,produces,19,our,0.02
2025-01-25,English (American),WS,produces,20,our,0.03
2025-01-25,English (American),WS,produces,21,our,0.03
2025-01-25,English (American),WS,produces,22,our,0.04
2025-01-25,English (American),WS,produces,23,our,0.08
2025-01-25,English (American),WS,produces,24,our,0.08
2025-01-25,English (American),WS,produces,25,our,0.11
2025-01-25,English (American),WS,produces,26,our,0.13
2025-01-25,English (American),WS,produces,27,our,0.19
2025-01-25,English (American),WS,produces,28,our,0.22
2025-01-25,English (American),WS,produces,29,our,0.3
2025-01-25,English (American),WS,produces,30,our,0.35
2025-01-25,English (American),WS,produces,16,another,0.01
2025-01-25,English (American),WS,produces,17,another,0.02
2025-01-25,English (American),WS,produces,18,another,0.03
2025-01-25,English (American),WS,produces,19,another,0.06
2025-01-25,English (American),WS,produces,20,another,0.07
2025-01-25,English (American),WS,produces,21,another,0.08
2025-01-25,English (American),WS,produces,22,another,0.11
2025-01-25,English (American),WS,produces,23,another,0.19
2025-01-25,English (American),WS,produces,24,another,0.21
2025-01-25,English (American),WS,produces,25,another,0.29
2025-01-25,English (American),WS,produces,26,another,0.32
2025-01-25,English (American),WS,produces,27,another,0.35
2025-01-25,English (American),WS,produces,28,another,0.38
2025-01-25,English (American),WS,produces,29,another,0.47
2025-01-25,English (American),WS,produces,30,another,0.56
2025-01-25,English (American),WS,produces,16,around,0
2025-01-25,English (American),WS,produces,17,around,0.01
2025-01-25,English (American),WS,produces,18,around,0.01
2025-01-25,English (American),WS,produces,19,around,0.04
2025-01-25,English (American),WS,produces,20,around,0.07
2025-01-25,English (American),WS,produces,21,around,0.06
2025-01-25,English (American),WS,produces,22,around,0.06
2025-01-25,English (American),WS,produces,23,around,0.13
2025-01-25,English (American),WS,produces,24,around,0.12
2025-01-25,English (American),WS,produces,25,around,0.21
2025-01-25,English (American),WS,produces,26,around,0.23
2025-01-25,English (American),WS,produces,27,around,0.28
2025-01-25,English (American),WS,produces,28,around,0.33
2025-01-25,English (American),WS,produces,29,around,0.4
2025-01-25,English (American),WS,produces,30,around,0.47
2025-01-25,English (American),WS,produces,16,by,0.01
2025-01-25,English (American),WS,produces,17,by,0.03
2025-01-25,English (American),WS,produces,18,by,0.02
2025-01-25,English (American),WS,produces,19,by,0.04
2025-01-25,English (American),WS,produces,20,by,0.06
2025-01-25,English (American),WS,produces,21,by,0.08
2025-01-25,English (American),WS,produces,22,by,0.11
2025-01-25,English (American),WS,produces,23,by,0.15
2025-01-25,English (American),WS,produces,24,by,0.15
2025-01-25,English (American),WS,produces,25,by,0.25
2025-01-25,English (American),WS,produces,26,by,0.26
2025-01-25,English (American),WS,produces,27,by,0.36
2025-01-25,English (American),WS,produces,28,by,0.37
2025-01-25,English (American),WS,produces,29,by,0.46
2025-01-25,English (American),WS,produces,30,by,0.48
2025-01-25,English (American),WS,produces,16,can (auxiliary),0.01
2025-01-25,English (American),WS,produces,17,can (auxiliary),0.01
2025-01-25,English (American),WS,produces,18,can (auxiliary),0.01
2025-01-25,English (American),WS,produces,19,can (auxiliary),0.07
2025-01-25,English (American),WS,produces,20,can (auxiliary),0.07
2025-01-25,English (American),WS,produces,21,can (auxiliary),0.09
2025-01-25,English (American),WS,produces,22,can (auxiliary),0.15
2025-01-25,English (American),WS,produces,23,can (auxiliary),0.22
2025-01-25,English (American),WS,produces,24,can (auxiliary),0.22
2025-01-25,English (American),WS,produces,25,can (auxiliary),0.31
2025-01-25,English (American),WS,produces,26,can (auxiliary),0.3
2025-01-25,English (American),WS,produces,27,can (auxiliary),0.43
2025-01-25,English (American),WS,produces,28,can (auxiliary),0.45
2025-01-25,English (American),WS,produces,29,can (auxiliary),0.6
2025-01-25,English (American),WS,produces,30,can (auxiliary),0.67
2025-01-25,English (American),WS,produces,16,could,0
2025-01-25,English (American),WS,produces,17,could,0.01
2025-01-25,English (American),WS,produces,18,could,0.01
2025-01-25,English (American),WS,produces,19,could,0.02
2025-01-25,English (American),WS,produces,20,could,0.03
2025-01-25,English (American),WS,produces,21,could,0.02
2025-01-25,English (American),WS,produces,22,could,0.02
2025-01-25,English (American),WS,produces,23,could,0.04
2025-01-25,English (American),WS,produces,24,could,0.04
2025-01-25,English (American),WS,produces,25,could,0.07
2025-01-25,English (American),WS,produces,26,could,0.12
2025-01-25,English (American),WS,produces,27,could,0.14
2025-01-25,English (American),WS,produces,28,could,0.18
2025-01-25,English (American),WS,produces,29,could,0.26
2025-01-25,English (American),WS,produces,30,could,0.3
2025-01-25,English (American),WS,produces,16,don't,0.05
2025-01-25,English (American),WS,produces,17,don't,0.04
2025-01-25,English (American),WS,produces,18,don't,0.07
2025-01-25,English (American),WS,produces,19,don't,0.11
2025-01-25,English (American),WS,produces,20,don't,0.19
2025-01-25,English (American),WS,produces,21,don't,0.16
2025-01-25,English (American),WS,produces,22,don't,0.21
2025-01-25,English (American),WS,produces,23,don't,0.29
2025-01-25,English (American),WS,produces,24,don't,0.35
2025-01-25,English (American),WS,produces,25,don't,0.45
2025-01-25,English (American),WS,produces,26,don't,0.43
2025-01-25,English (American),WS,produces,27,don't,0.51
2025-01-25,English (American),WS,produces,28,don't,0.61
2025-01-25,English (American),WS,produces,29,don't,0.61
2025-01-25,English (American),WS,produces,30,don't,0.72
2025-01-25,English (American),WS,produces,16,each,0
2025-01-25,English (American),WS,produces,17,each,0
2025-01-25,English (American),WS,produces,18,each,0.01
2025-01-25,English (American),WS,produces,19,each,0.02
2025-01-25,English (American),WS,produces,20,each,0.01
2025-01-25,English (American),WS,produces,21,each,0.01
2025-01-25,English (American),WS,produces,22,each,0.04
2025-01-25,English (American),WS,produces,23,each,0.03
2025-01-25,English (American),WS,produces,24,each,0.05
2025-01-25,English (American),WS,produces,25,each,0.06
2025-01-25,English (American),WS,produces,26,each,0.07
2025-01-25,English (American),WS,produces,27,each,0.13
2025-01-25,English (American),WS,produces,28,each,0.12
2025-01-25,English (American),WS,produces,29,each,0.18
2025-01-25,English (American),WS,produces,30,each,0.24
2025-01-25,English (American),WS,produces,16,every,0
2025-01-25,English (American),WS,produces,17,every,0
2025-01-25,English (American),WS,produces,18,every,0.01
2025-01-25,English (American),WS,produces,19,every,0.02
2025-01-25,English (American),WS,produces,20,every,0.01
2025-01-25,English (American),WS,produces,21,every,0.02
2025-01-25,English (American),WS,produces,22,every,0.02
2025-01-25,English (American),WS,produces,23,every,0.07
2025-01-25,English (American),WS,produces,24,every,0.07
2025-01-25,English (American),WS,produces,25,every,0.11
2025-01-25,English (American),WS,produces,26,every,0.13
2025-01-25,English (American),WS,produces,27,every,0.17
2025-01-25,English (American),WS,produces,28,every,0.21
2025-01-25,English (American),WS,produces,29,every,0.33
2025-01-25,English (American),WS,produces,30,every,0.36
2025-01-25,English (American),WS,produces,16,for,0
2025-01-25,English (American),WS,produces,17,for,0
2025-01-25,English (American),WS,produces,18,for,0.01
2025-01-25,English (American),WS,produces,19,for,0.03
2025-01-25,English (American),WS,produces,20,for,0.04
2025-01-25,English (American),WS,produces,21,for,0.04
2025-01-25,English (American),WS,produces,22,for,0.08
2025-01-25,English (American),WS,produces,23,for,0.13
2025-01-25,English (American),WS,produces,24,for,0.15
2025-01-25,English (American),WS,produces,25,for,0.23
2025-01-25,English (American),WS,produces,26,for,0.27
2025-01-25,English (American),WS,produces,27,for,0.36
2025-01-25,English (American),WS,produces,28,for,0.36
2025-01-25,English (American),WS,produces,29,for,0.49
2025-01-25,English (American),WS,produces,30,for,0.52
2025-01-25,English (American),WS,produces,16,he,0
2025-01-25,English (American),WS,produces,17,he,0.01
2025-01-25,English (American),WS,produces,18,he,0.02
2025-01-25,English (American),WS,produces,19,he,0.04
2025-01-25,English (American),WS,produces,20,he,0.07
2025-01-25,English (American),WS,produces,21,he,0.11
2025-01-25,English (American),WS,produces,22,he,0.15
2025-01-25,English (American),WS,produces,23,he,0.19
2025-01-25,English (American),WS,produces,24,he,0.2
2025-01-25,English (American),WS,produces,25,he,0.26
2025-01-25,English (American),WS,produces,26,he,0.31
2025-01-25,English (American),WS,produces,27,he,0.43
2025-01-25,English (American),WS,produces,28,he,0.45
2025-01-25,English (American),WS,produces,29,he,0.59
2025-01-25,English (American),WS,produces,30,he,0.62
2025-01-25,English (American),WS,produces,16,her,0
2025-01-25,English (American),WS,produces,17,her,0.01
2025-01-25,English (American),WS,produces,18,her,0.01
2025-01-25,English (American),WS,produces,19,her,0.04
2025-01-25,English (American),WS,produces,20,her,0.04
2025-01-25,English (American),WS,produces,21,her,0.06
2025-01-25,English (American),WS,produces,22,her,0.09
2025-01-25,English (American),WS,produces,23,her,0.13
2025-01-25,English (American),WS,produces,24,her,0.15
2025-01-25,English (American),WS,produces,25,her,0.21
2025-01-25,English (American),WS,produces,26,her,0.22
2025-01-25,English (American),WS,produces,27,her,0.31
2025-01-25,English (American),WS,produces,28,her,0.34
2025-01-25,English (American),WS,produces,29,her,0.46
2025-01-25,English (American),WS,produces,30,her,0.51
2025-01-25,English (American),WS,produces,16,hers,0
2025-01-25,English (American),WS,produces,17,hers,0.01
2025-01-25,English (American),WS,produces,18,hers,0.01
2025-01-25,English (American),WS,produces,19,hers,0.02
2025-01-25,English (American),WS,produces,20,hers,0.03
2025-01-25,English (American),WS,produces,21,hers,0.04
2025-01-25,English (American),WS,produces,22,hers,0.06
2025-01-25,English (American),WS,produces,23,hers,0.09
2025-01-25,English (American),WS,produces,24,hers,0.1
2025-01-25,English (American),WS,produces,25,hers,0.14
2025-01-25,English (American),WS,produces,26,hers,0.13
2025-01-25,English (American),WS,produces,27,hers,0.22
2025-01-25,English (American),WS,produces,28,hers,0.24
2025-01-25,English (American),WS,produces,29,hers,0.31
2025-01-25,English (American),WS,produces,30,hers,0.37
2025-01-25,English (American),WS,produces,16,him,0
2025-01-25,English (American),WS,produces,17,him,0.01
2025-01-25,English (American),WS,produces,18,him,0
2025-01-25,English (American),WS,produces,19,him,0.04
2025-01-25,English (American),WS,produces,20,him,0.04
2025-01-25,English (American),WS,produces,21,him,0.06
2025-01-25,English (American),WS,produces,22,him,0.08
2025-01-25,English (American),WS,produces,23,him,0.13
2025-01-25,English (American),WS,produces,24,him,0.13
2025-01-25,English (American),WS,produces,25,him,0.18
2025-01-25,English (American),WS,produces,26,him,0.21
2025-01-25,English (American),WS,produces,27,him,0.29
2025-01-25,English (American),WS,produces,28,him,0.34
2025-01-25,English (American),WS,produces,29,him,0.42
2025-01-25,English (American),WS,produces,30,him,0.48
2025-01-25,English (American),WS,produces,16,his,0
2025-01-25,English (American),WS,produces,17,his,0.01
2025-01-25,English (American),WS,produces,18,his,0
2025-01-25,English (American),WS,produces,19,his,0.02
2025-01-25,English (American),WS,produces,20,his,0.04
2025-01-25,English (American),WS,produces,21,his,0.06
2025-01-25,English (American),WS,produces,22,his,0.06
2025-01-25,English (American),WS,produces,23,his,0.1
2025-01-25,English (American),WS,produces,24,his,0.13
2025-01-25,English (American),WS,produces,25,his,0.18
2025-01-25,English (American),WS,produces,26,his,0.18
2025-01-25,English (American),WS,produces,27,his,0.26
2025-01-25,English (American),WS,produces,28,his,0.29
2025-01-25,English (American),WS,produces,29,his,0.4
2025-01-25,English (American),WS,produces,30,his,0.47
2025-01-25,English (American),WS,produces,16,I,0.05
2025-01-25,English (American),WS,produces,17,I,0.09
2025-01-25,English (American),WS,produces,18,I,0.12
2025-01-25,English (American),WS,produces,19,I,0.23
2025-01-25,English (American),WS,produces,20,I,0.24
2025-01-25,English (American),WS,produces,21,I,0.29
2025-01-25,English (American),WS,produces,22,I,0.34
2025-01-25,English (American),WS,produces,23,I,0.44
2025-01-25,English (American),WS,produces,24,I,0.43
2025-01-25,English (American),WS,produces,25,I,0.6
2025-01-25,English (American),WS,produces,26,I,0.6
2025-01-25,English (American),WS,produces,27,I,0.62
2025-01-25,English (American),WS,produces,28,I,0.66
2025-01-25,English (American),WS,produces,29,I,0.72
2025-01-25,English (American),WS,produces,30,I,0.79
2025-01-25,English (American),WS,produces,16,if,0
2025-01-25,English (American),WS,produces,17,if,0.01
2025-01-25,English (American),WS,produces,18,if,0.01
2025-01-25,English (American),WS,produces,19,if,0.02
2025-01-25,English (American),WS,produces,20,if,0.02
2025-01-25,English (American),WS,produces,21,if,0.02
2025-01-25,English (American),WS,produces,22,if,0.04
2025-01-25,English (American),WS,produces,23,if,0.03
2025-01-25,English (American),WS,produces,24,if,0.03
2025-01-25,English (American),WS,produces,25,if,0.08
2025-01-25,English (American),WS,produces,26,if,0.09
2025-01-25,English (American),WS,produces,27,if,0.12
2025-01-25,English (American),WS,produces,28,if,0.15
2025-01-25,English (American),WS,produces,29,if,0.23
2025-01-25,English (American),WS,produces,30,if,0.29
2025-01-25,English (American),WS,produces,16,is,0.01
2025-01-25,English (American),WS,produces,17,is,0.01
2025-01-25,English (American),WS,produces,18,is,0.03
2025-01-25,English (American),WS,produces,19,is,0.06
2025-01-25,English (American),WS,produces,20,is,0.08
2025-01-25,English (American),WS,produces,21,is,0.07
2025-01-25,English (American),WS,produces,22,is,0.17
2025-01-25,English (American),WS,produces,23,is,0.19
2025-01-25,English (American),WS,produces,24,is,0.2
2025-01-25,English (American),WS,produces,25,is,0.27
2025-01-25,English (American),WS,produces,26,is,0.33
2025-01-25,English (American),WS,produces,27,is,0.41
2025-01-25,English (American),WS,produces,28,is,0.46
2025-01-25,English (American),WS,produces,29,is,0.52
2025-01-25,English (American),WS,produces,30,is,0.61
2025-01-25,English (American),WS,produces,16,into,0
2025-01-25,English (American),WS,produces,17,into,0.01
2025-01-25,English (American),WS,produces,18,into,0.01
2025-01-25,English (American),WS,produces,19,into,0.01
2025-01-25,English (American),WS,produces,20,into,0.02
2025-01-25,English (American),WS,produces,21,into,0.02
2025-01-25,English (American),WS,produces,22,into,0.05
2025-01-25,English (American),WS,produces,23,into,0.08
2025-01-25,English (American),WS,produces,24,into,0.08
2025-01-25,English (American),WS,produces,25,into,0.11
2025-01-25,English (American),WS,produces,26,into,0.13
2025-01-25,English (American),WS,produces,27,into,0.19
2025-01-25,English (American),WS,produces,28,into,0.23
2025-01-25,English (American),WS,produces,29,into,0.3
2025-01-25,English (American),WS,produces,30,into,0.41
2025-01-25,English (American),WS,produces,16,inside/in,0.05
2025-01-25,English (American),WS,produces,17,inside/in,0.07
2025-01-25,English (American),WS,produces,18,inside/in,0.13
2025-01-25,English (American),WS,produces,19,inside/in,0.23
2025-01-25,English (American),WS,produces,20,inside/in,0.26
2025-01-25,English (American),WS,produces,21,inside/in,0.26
2025-01-25,English (American),WS,produces,22,inside/in,0.41
2025-01-25,English (American),WS,produces,23,inside/in,0.49
2025-01-25,English (American),WS,produces,24,inside/in,0.52
2025-01-25,English (American),WS,produces,25,inside/in,0.55
2025-01-25,English (American),WS,produces,26,inside/in,0.61
2025-01-25,English (American),WS,produces,27,inside/in,0.62
2025-01-25,English (American),WS,produces,28,inside/in,0.68
2025-01-25,English (American),WS,produces,29,inside/in,0.74
2025-01-25,English (American),WS,produces,30,inside/in,0.81
2025-01-25,English (American),WS,produces,16,it,0.02
2025-01-25,English (American),WS,produces,17,it,0.05
2025-01-25,English (American),WS,produces,18,it,0.07
2025-01-25,English (American),WS,produces,19,it,0.13
2025-01-25,English (American),WS,produces,20,it,0.15
2025-01-25,English (American),WS,produces,21,it,0.17
2025-01-25,English (American),WS,produces,22,it,0.26
2025-01-25,English (American),WS,produces,23,it,0.3
2025-01-25,English (American),WS,produces,24,it,0.3
2025-01-25,English (American),WS,produces,25,it,0.4
2025-01-25,English (American),WS,produces,26,it,0.4
2025-01-25,English (American),WS,produces,27,it,0.47
2025-01-25,English (American),WS,produces,28,it,0.53
2025-01-25,English (American),WS,produces,29,it,0.61
2025-01-25,English (American),WS,produces,30,it,0.66
2025-01-25,English (American),WS,produces,16,my,0.06
2025-01-25,English (American),WS,produces,17,my,0.06
2025-01-25,English (American),WS,produces,18,my,0.08
2025-01-25,English (American),WS,produces,19,my,0.2
2025-01-25,English (American),WS,produces,20,my,0.22
2025-01-25,English (American),WS,produces,21,my,0.24
2025-01-25,English (American),WS,produces,22,my,0.3
2025-01-25,English (American),WS,produces,23,my,0.39
2025-01-25,English (American),WS,produces,24,my,0.45
2025-01-25,English (American),WS,produces,25,my,0.55
2025-01-25,English (American),WS,produces,26,my,0.57
2025-01-25,English (American),WS,produces,27,my,0.58
2025-01-25,English (American),WS,produces,28,my,0.66
2025-01-25,English (American),WS,produces,29,my,0.75
2025-01-25,English (American),WS,produces,30,my,0.77
2025-01-25,English (American),WS,produces,16,myself,0
2025-01-25,English (American),WS,produces,17,myself,0.01
2025-01-25,English (American),WS,produces,18,myself,0.01
2025-01-25,English (American),WS,produces,19,myself,0.02
2025-01-25,English (American),WS,produces,20,myself,0.01
2025-01-25,English (American),WS,produces,21,myself,0.03
2025-01-25,English (American),WS,produces,22,myself,0.05
2025-01-25,English (American),WS,produces,23,myself,0.12
2025-01-25,English (American),WS,produces,24,myself,0.13
2025-01-25,English (American),WS,produces,25,myself,0.17
2025-01-25,English (American),WS,produces,26,myself,0.19
2025-01-25,English (American),WS,produces,27,myself,0.22
2025-01-25,English (American),WS,produces,28,myself,0.3
2025-01-25,English (American),WS,produces,29,myself,0.34
2025-01-25,English (American),WS,produces,30,myself,0.46
2025-01-25,English (American),WS,produces,16,no,0.56
2025-01-25,English (American),WS,produces,17,no,0.67
2025-01-25,English (American),WS,produces,18,no,0.74
2025-01-25,English (American),WS,produces,19,no,0.81
2025-01-25,English (American),WS,produces,20,no,0.82
2025-01-25,English (American),WS,produces,21,no,0.86
2025-01-25,English (American),WS,produces,22,no,0.9
2025-01-25,English (American),WS,produces,23,no,0.88
2025-01-25,English (American),WS,produces,24,no,0.93
2025-01-25,English (American),WS,produces,25,no,0.93
2025-01-25,English (American),WS,produces,26,no,0.93
2025-01-25,English (American),WS,produces,27,no,0.95
2025-01-25,English (American),WS,produces,28,no,0.93
2025-01-25,English (American),WS,produces,29,no,0.95
2025-01-25,English (American),WS,produces,30,no,0.97
2025-01-25,English (American),WS,produces,16,none,0.01
2025-01-25,English (American),WS,produces,17,none,0.02
2025-01-25,English (American),WS,produces,18,none,0.03
2025-01-25,English (American),WS,produces,19,none,0.05
2025-01-25,English (American),WS,produces,20,none,0.06
2025-01-25,English (American),WS,produces,21,none,0.08
2025-01-25,English (American),WS,produces,22,none,0.08
2025-01-25,English (American),WS,produces,23,none,0.16
2025-01-25,English (American),WS,produces,24,none,0.15
2025-01-25,English (American),WS,produces,25,none,0.18
2025-01-25,English (American),WS,produces,26,none,0.21
2025-01-25,English (American),WS,produces,27,none,0.26
2025-01-25,English (American),WS,produces,28,none,0.32
2025-01-25,English (American),WS,produces,29,none,0.37
2025-01-25,English (American),WS,produces,30,none,0.44
2025-01-25,English (American),WS,produces,16,not,0.01
2025-01-25,English (American),WS,produces,17,not,0.01
2025-01-25,English (American),WS,produces,18,not,0.03
2025-01-25,English (American),WS,produces,19,not,0.05
2025-01-25,English (American),WS,produces,20,not,0.06
2025-01-25,English (American),WS,produces,21,not,0.12
2025-01-25,English (American),WS,produces,22,not,0.12
2025-01-25,English (American),WS,produces,23,not,0.19
2025-01-25,English (American),WS,produces,24,not,0.23
2025-01-25,English (American),WS,produces,25,not,0.29
2025-01-25,English (American),WS,produces,26,not,0.34
2025-01-25,English (American),WS,produces,27,not,0.41
2025-01-25,English (American),WS,produces,28,not,0.47
2025-01-25,English (American),WS,produces,29,not,0.57
2025-01-25,English (American),WS,produces,30,not,0.58
2025-01-25,English (American),WS,produces,16,of,0
2025-01-25,English (American),WS,produces,17,of,0.01
2025-01-25,English (American),WS,produces,18,of,0
2025-01-25,English (American),WS,produces,19,of,0.04
2025-01-25,English (American),WS,produces,20,of,0.01
2025-01-25,English (American),WS,produces,21,of,0.02
2025-01-25,English (American),WS,produces,22,of,0.03
2025-01-25,English (American),WS,produces,23,of,0.07
2025-01-25,English (American),WS,produces,24,of,0.09
2025-01-25,English (American),WS,produces,25,of,0.1
2025-01-25,English (American),WS,produces,26,of,0.14
2025-01-25,English (American),WS,produces,27,of,0.2
2025-01-25,English (American),WS,produces,28,of,0.25
2025-01-25,English (American),WS,produces,29,of,0.3
2025-01-25,English (American),WS,produces,30,of,0.34
2025-01-25,English (American),WS,produces,16,on,0.12
2025-01-25,English (American),WS,produces,17,on,0.15
2025-01-25,English (American),WS,produces,18,on,0.21
2025-01-25,English (American),WS,produces,19,on,0.31
2025-01-25,English (American),WS,produces,20,on,0.33
2025-01-25,English (American),WS,produces,21,on,0.43
2025-01-25,English (American),WS,produces,22,on,0.52
2025-01-25,English (American),WS,produces,23,on,0.59
2025-01-25,English (American),WS,produces,24,on,0.62
2025-01-25,English (American),WS,produces,25,on,0.68
2025-01-25,English (American),WS,produces,26,on,0.71
2025-01-25,English (American),WS,produces,27,on,0.75
2025-01-25,English (American),WS,produces,28,on,0.77
2025-01-25,English (American),WS,produces,29,on,0.82
2025-01-25,English (American),WS,produces,30,on,0.87
2025-01-25,English (American),WS,produces,16,other,0
2025-01-25,English (American),WS,produces,17,other,0.01
2025-01-25,English (American),WS,produces,18,other,0.02
2025-01-25,English (American),WS,produces,19,other,0.04
2025-01-25,English (American),WS,produces,20,other,0.03
2025-01-25,English (American),WS,produces,21,other,0.08
2025-01-25,English (American),WS,produces,22,other,0.1
2025-01-25,English (American),WS,produces,23,other,0.2
2025-01-25,English (American),WS,produces,24,other,0.17
2025-01-25,English (American),WS,produces,25,other,0.26
2025-01-25,English (American),WS,produces,26,other,0.27
2025-01-25,English (American),WS,produces,27,other,0.32
2025-01-25,English (American),WS,produces,28,other,0.36
2025-01-25,English (American),WS,produces,29,other,0.44
2025-01-25,English (American),WS,produces,30,other,0.48
2025-01-25,English (American),WS,produces,16,would,0
2025-01-25,English (American),WS,produces,17,would,0
2025-01-25,English (American),WS,produces,18,would,0
2025-01-25,English (American),WS,produces,19,would,0.01
2025-01-25,English (American),WS,produces,20,would,0.02
2025-01-25,English (American),WS,produces,21,would,0.01
2025-01-25,English (American),WS,produces,22,would,0.03
2025-01-25,English (American),WS,produces,23,would,0.03
2025-01-25,English (American),WS,produces,24,would,0.03
2025-01-25,English (American),WS,produces,25,would,0.07
2025-01-25,English (American),WS,produces,26,would,0.07
2025-01-25,English (American),WS,produces,27,would,0.12
2025-01-25,English (American),WS,produces,28,would,0.14
2025-01-25,English (American),WS,produces,29,would,0.18
2025-01-25,English (American),WS,produces,30,would,0.26
2025-01-25,English (American),WS,produces,16,why,0.02
2025-01-25,English (American),WS,produces,17,why,0.05
2025-01-25,English (American),WS,produces,18,why,0.07
2025-01-25,English (American),WS,produces,19,why,0.11
2025-01-25,English (American),WS,produces,20,why,0.13
2025-01-25,English (American),WS,produces,21,why,0.14
2025-01-25,English (American),WS,produces,22,why,0.18
2025-01-25,English (American),WS,produces,23,why,0.29
2025-01-25,English (American),WS,produces,24,why,0.26
2025-01-25,English (American),WS,produces,25,why,0.33
2025-01-25,English (American),WS,produces,26,why,0.39
2025-01-25,English (American),WS,produces,27,why,0.5
2025-01-25,English (American),WS,produces,28,why,0.5
2025-01-25,English (American),WS,produces,29,why,0.62
2025-01-25,English (American),WS,produces,30,why,0.63
2025-01-25,English (American),WS,produces,16,who,0.03
2025-01-25,English (American),WS,produces,17,who,0.03
2025-01-25,English (American),WS,produces,18,who,0.04
2025-01-25,English (American),WS,produces,19,who,0.05
2025-01-25,English (American),WS,produces,20,who,0.1
2025-01-25,English (American),WS,produces,21,who,0.1
2025-01-25,English (American),WS,produces,22,who,0.15
2025-01-25,English (American),WS,produces,23,who,0.2
2025-01-25,English (American),WS,produces,24,who,0.23
2025-01-25,English (American),WS,produces,25,who,0.28
2025-01-25,English (American),WS,produces,26,who,0.29
2025-01-25,English (American),WS,produces,27,who,0.44
2025-01-25,English (American),WS,produces,28,who,0.45
2025-01-25,English (American),WS,produces,29,who,0.51
2025-01-25,English (American),WS,produces,30,who,0.64
2025-01-25,English (American),WS,produces,16,which,0
2025-01-25,English (American),WS,produces,17,which,0.01
2025-01-25,English (American),WS,produces,18,which,0.02
2025-01-25,English (American),WS,produces,19,which,0.01
2025-01-25,English (American),WS,produces,20,which,0.02
2025-01-25,English (American),WS,produces,21,which,0.02
2025-01-25,English (American),WS,produces,22,which,0.02
2025-01-25,English (American),WS,produces,23,which,0.04
2025-01-25,English (American),WS,produces,24,which,0.05
2025-01-25,English (American),WS,produces,25,which,0.08
2025-01-25,English (American),WS,produces,26,which,0.08
2025-01-25,English (American),WS,produces,27,which,0.13
2025-01-25,English (American),WS,produces,28,which,0.14
2025-01-25,English (American),WS,produces,29,which,0.26
2025-01-25,English (American),WS,produces,30,which,0.28
2025-01-25,English (American),WS,produces,16,where,0.04
2025-01-25,English (American),WS,produces,17,where,0.06
2025-01-25,English (American),WS,produces,18,where,0.09
2025-01-25,English (American),WS,produces,19,where,0.11
2025-01-25,English (American),WS,produces,20,where,0.15
2025-01-25,English (American),WS,produces,21,where,0.19
2025-01-25,English (American),WS,produces,22,where,0.27
2025-01-25,English (American),WS,produces,23,where,0.41
2025-01-25,English (American),WS,produces,24,where,0.43
2025-01-25,English (American),WS,produces,25,where,0.49
2025-01-25,English (American),WS,produces,26,where,0.5
2025-01-25,English (American),WS,produces,27,where,0.61
2025-01-25,English (American),WS,produces,28,where,0.64
2025-01-25,English (American),WS,produces,29,where,0.71
2025-01-25,English (American),WS,produces,30,where,0.78
2025-01-25,English (American),WS,produces,16,what,0.11
2025-01-25,English (American),WS,produces,17,what,0.13
2025-01-25,English (American),WS,produces,18,what,0.16
2025-01-25,English (American),WS,produces,19,what,0.22
2025-01-25,English (American),WS,produces,20,what,0.25
2025-01-25,English (American),WS,produces,21,what,0.26
2025-01-25,English (American),WS,produces,22,what,0.38
2025-01-25,English (American),WS,produces,23,what,0.46
2025-01-25,English (American),WS,produces,24,what,0.49
2025-01-25,English (American),WS,produces,25,what,0.56
2025-01-25,English (American),WS,produces,26,what,0.57
2025-01-25,English (American),WS,produces,27,what,0.71
2025-01-25,English (American),WS,produces,28,what,0.72
2025-01-25,English (American),WS,produces,29,what,0.76
2025-01-25,English (American),WS,produces,30,what,0.8
2025-01-25,English (American),WS,produces,16,were,0
2025-01-25,English (American),WS,produces,17,were,0.01
2025-01-25,English (American),WS,produces,18,were,0.01
2025-01-25,English (American),WS,produces,19,were,0.01
2025-01-25,English (American),WS,produces,20,were,0.01
2025-01-25,English (American),WS,produces,21,were,0.02
2025-01-25,English (American),WS,produces,22,were,0.02
2025-01-25,English (American),WS,produces,23,were,0.05
2025-01-25,English (American),WS,produces,24,were,0.04
2025-01-25,English (American),WS,produces,25,were,0.07
2025-01-25,English (American),WS,produces,26,were,0.11
2025-01-25,English (American),WS,produces,27,were,0.14
2025-01-25,English (American),WS,produces,28,were,0.19
2025-01-25,English (American),WS,produces,29,were,0.22
2025-01-25,English (American),WS,produces,30,were,0.29
2025-01-25,English (American),WS,produces,16,we,0
2025-01-25,English (American),WS,produces,17,we,0.02
2025-01-25,English (American),WS,produces,18,we,0.01
2025-01-25,English (American),WS,produces,19,we,0.03
2025-01-25,English (American),WS,produces,20,we,0.04
2025-01-25,English (American),WS,produces,21,we,0.05
2025-01-25,English (American),WS,produces,22,we,0.1
2025-01-25,English (American),WS,produces,23,we,0.11
2025-01-25,English (American),WS,produces,24,we,0.14
2025-01-25,English (American),WS,produces,25,we,0.19
2025-01-25,English (American),WS,produces,26,we,0.2
2025-01-25,English (American),WS,produces,27,we,0.34
2025-01-25,English (American),WS,produces,28,we,0.31
2025-01-25,English (American),WS,produces,29,we,0.43
2025-01-25,English (American),WS,produces,30,we,0.51
2025-01-25,English (American),WS,produces,16,was,0
2025-01-25,English (American),WS,produces,17,was,0.01
2025-01-25,English (American),WS,produces,18,was,0
2025-01-25,English (American),WS,produces,19,was,0.03
2025-01-25,English (American),WS,produces,20,was,0.01
2025-01-25,English (American),WS,produces,21,was,0.03
2025-01-25,English (American),WS,produces,22,was,0.06
2025-01-25,English (American),WS,produces,23,was,0.09
2025-01-25,English (American),WS,produces,24,was,0.09
2025-01-25,English (American),WS,produces,25,was,0.11
2025-01-25,English (American),WS,produces,26,was,0.15
2025-01-25,English (American),WS,produces,27,was,0.22
2025-01-25,English (American),WS,produces,28,was,0.28
2025-01-25,English (American),WS,produces,29,was,0.36
2025-01-25,English (American),WS,produces,30,was,0.42
2025-01-25,English (American),WS,produces,16,up,0.28
2025-01-25,English (American),WS,produces,17,up,0.35
2025-01-25,English (American),WS,produces,18,up,0.43
2025-01-25,English (American),WS,produces,19,up,0.56
2025-01-25,English (American),WS,produces,20,up,0.51
2025-01-25,English (American),WS,produces,21,up,0.58
2025-01-25,English (American),WS,produces,22,up,0.65
2025-01-25,English (American),WS,produces,23,up,0.71
2025-01-25,English (American),WS,produces,24,up,0.7
2025-01-25,English (American),WS,produces,25,up,0.76
2025-01-25,English (American),WS,produces,26,up,0.75
2025-01-25,English (American),WS,produces,27,up,0.75
2025-01-25,English (American),WS,produces,28,up,0.82
2025-01-25,English (American),WS,produces,29,up,0.84
2025-01-25,English (American),WS,produces,30,up,0.87
2025-01-25,English (American),WS,produces,16,under,0.01
2025-01-25,English (American),WS,produces,17,under,0.02
2025-01-25,English (American),WS,produces,18,under,0.03
2025-01-25,English (American),WS,produces,19,under,0.07
2025-01-25,English (American),WS,produces,20,under,0.1
2025-01-25,English (American),WS,produces,21,under,0.13
2025-01-25,English (American),WS,produces,22,under,0.15
2025-01-25,English (American),WS,produces,23,under,0.3
2025-01-25,English (American),WS,produces,24,under,0.3
2025-01-25,English (American),WS,produces,25,under,0.4
2025-01-25,English (American),WS,produces,26,under,0.42
2025-01-25,English (American),WS,produces,27,under,0.48
2025-01-25,English (American),WS,produces,28,under,0.53
2025-01-25,English (American),WS,produces,29,under,0.65
2025-01-25,English (American),WS,produces,30,under,0.73
2025-01-25,English (American),WS,produces,16,too,0.01
2025-01-25,English (American),WS,produces,17,too,0.03
2025-01-25,English (American),WS,produces,18,too,0.06
2025-01-25,English (American),WS,produces,19,too,0.09
2025-01-25,English (American),WS,produces,20,too,0.11
2025-01-25,English (American),WS,produces,21,too,0.17
2025-01-25,English (American),WS,produces,22,too,0.26
2025-01-25,English (American),WS,produces,23,too,0.3
2025-01-25,English (American),WS,produces,24,too,0.38
2025-01-25,English (American),WS,produces,25,too,0.42
2025-01-25,English (American),WS,produces,26,too,0.49
2025-01-25,English (American),WS,produces,27,too,0.52
2025-01-25,English (American),WS,produces,28,too,0.56
2025-01-25,English (American),WS,produces,29,too,0.65
2025-01-25,English (American),WS,produces,30,too,0.72
2025-01-25,English (American),WS,produces,16,to,0.01
2025-01-25,English (American),WS,produces,17,to,0.02
2025-01-25,English (American),WS,produces,18,to,0.02
2025-01-25,English (American),WS,produces,19,to,0.06
2025-01-25,English (American),WS,produces,20,to,0.06
2025-01-25,English (American),WS,produces,21,to,0.1
2025-01-25,English (American),WS,produces,22,to,0.13
2025-01-25,English (American),WS,produces,23,to,0.24
2025-01-25,English (American),WS,produces,24,to,0.24
2025-01-25,English (American),WS,produces,25,to,0.31
2025-01-25,English (American),WS,produces,26,to,0.36
2025-01-25,English (American),WS,produces,27,to,0.44
2025-01-25,English (American),WS,produces,28,to,0.47
2025-01-25,English (American),WS,produces,29,to,0.57
2025-01-25,English (American),WS,produces,30,to,0.61
2025-01-25,English (American),WS,produces,16,this,0.12
2025-01-25,English (American),WS,produces,17,this,0.13
2025-01-25,English (American),WS,produces,18,this,0.15
2025-01-25,English (American),WS,produces,19,this,0.2
2025-01-25,English (American),WS,produces,20,this,0.22
2025-01-25,English (American),WS,produces,21,this,0.21
2025-01-25,English (American),WS,produces,22,this,0.3
2025-01-25,English (American),WS,produces,23,this,0.35
2025-01-25,English (American),WS,produces,24,this,0.4
2025-01-25,English (American),WS,produces,25,this,0.47
2025-01-25,English (American),WS,produces,26,this,0.52
2025-01-25,English (American),WS,produces,27,this,0.52
2025-01-25,English (American),WS,produces,28,this,0.56
2025-01-25,English (American),WS,produces,29,this,0.61
2025-01-25,English (American),WS,produces,30,this,0.69
2025-01-25,English (American),WS,produces,16,there,0.02
2025-01-25,English (American),WS,produces,17,there,0.04
2025-01-25,English (American),WS,produces,18,there,0.08
2025-01-25,English (American),WS,produces,19,there,0.11
2025-01-25,English (American),WS,produces,20,there,0.15
2025-01-25,English (American),WS,produces,21,there,0.22
2025-01-25,English (American),WS,produces,22,there,0.22
2025-01-25,English (American),WS,produces,23,there,0.38
2025-01-25,English (American),WS,produces,24,there,0.4
2025-01-25,English (American),WS,produces,25,there,0.46
2025-01-25,English (American),WS,produces,26,there,0.49
2025-01-25,English (American),WS,produces,27,there,0.6
2025-01-25,English (American),WS,produces,28,there,0.6
2025-01-25,English (American),WS,produces,29,there,0.68
2025-01-25,English (American),WS,produces,30,there,0.73
2025-01-25,English (American),WS,produces,16,the,0.02
2025-01-25,English (American),WS,produces,17,the,0.02
2025-01-25,English (American),WS,produces,18,the,0.03
2025-01-25,English (American),WS,produces,19,the,0.09
2025-01-25,English (American),WS,produces,20,the,0.09
2025-01-25,English (American),WS,produces,21,the,0.11
2025-01-25,English (American),WS,produces,22,the,0.18
2025-01-25,English (American),WS,produces,23,the,0.22
2025-01-25,English (American),WS,produces,24,the,0.26
2025-01-25,English (American),WS,produces,25,the,0.29
2025-01-25,English (American),WS,produces,26,the,0.37
2025-01-25,English (American),WS,produces,27,the,0.44
2025-01-25,English (American),WS,produces,28,the,0.49
2025-01-25,English (American),WS,produces,29,the,0.53
2025-01-25,English (American),WS,produces,30,the,0.64
2025-01-25,English (American),WS,produces,16,that,0.13
2025-01-25,English (American),WS,produces,17,that,0.16
2025-01-25,English (American),WS,produces,18,that,0.14
2025-01-25,English (American),WS,produces,19,that,0.21
2025-01-25,English (American),WS,produces,20,that,0.25
2025-01-25,English (American),WS,produces,21,that,0.25
2025-01-25,English (American),WS,produces,22,that,0.34
2025-01-25,English (American),WS,produces,23,that,0.41
2025-01-25,English (American),WS,produces,24,that,0.42
2025-01-25,English (American),WS,produces,25,that,0.51
2025-01-25,English (American),WS,produces,26,that,0.53
2025-01-25,English (American),WS,produces,27,that,0.58
2025-01-25,English (American),WS,produces,28,that,0.63
2025-01-25,English (American),WS,produces,29,that,0.67
2025-01-25,English (American),WS,produces,30,that,0.71
2025-01-25,English (American),WS,produces,16,their,0
2025-01-25,English (American),WS,produces,17,their,0.01
2025-01-25,English (American),WS,produces,18,their,0
2025-01-25,English (American),WS,produces,19,their,0.01
2025-01-25,English (American),WS,produces,20,their,0.02
2025-01-25,English (American),WS,produces,21,their,0.02
2025-01-25,English (American),WS,produces,22,their,0.03
2025-01-25,English (American),WS,produces,23,their,0.06
2025-01-25,English (American),WS,produces,24,their,0.05
2025-01-25,English (American),WS,produces,25,their,0.08
2025-01-25,English (American),WS,produces,26,their,0.11
2025-01-25,English (American),WS,produces,27,their,0.17
2025-01-25,English (American),WS,produces,28,their,0.18
2025-01-25,English (American),WS,produces,29,their,0.28
2025-01-25,English (American),WS,produces,30,their,0.29
2025-01-25,English (American),WS,produces,16,these,0.02
2025-01-25,English (American),WS,produces,17,these,0.02
2025-01-25,English (American),WS,produces,18,these,0.03
2025-01-25,English (American),WS,produces,19,these,0.04
2025-01-25,English (American),WS,produces,20,these,0.07
2025-01-25,English (American),WS,produces,21,these,0.09
2025-01-25,English (American),WS,produces,22,these,0.12
2025-01-25,English (American),WS,produces,23,these,0.14
2025-01-25,English (American),WS,produces,24,these,0.17
2025-01-25,English (American),WS,produces,25,these,0.23
2025-01-25,English (American),WS,produces,26,these,0.29
2025-01-25,English (American),WS,produces,27,these,0.33
2025-01-25,English (American),WS,produces,28,these,0.31
2025-01-25,English (American),WS,produces,29,these,0.43
2025-01-25,English (American),WS,produces,30,these,0.46
2025-01-25,English (American),WS,produces,16,they,0
2025-01-25,English (American),WS,produces,17,they,0.01
2025-01-25,English (American),WS,produces,18,they,0
2025-01-25,English (American),WS,produces,19,they,0.02
2025-01-25,English (American),WS,produces,20,they,0.03
2025-01-25,English (American),WS,produces,21,they,0.02
2025-01-25,English (American),WS,produces,22,they,0.04
2025-01-25,English (American),WS,produces,23,they,0.08
2025-01-25,English (American),WS,produces,24,they,0.09
2025-01-25,English (American),WS,produces,25,they,0.12
2025-01-25,English (American),WS,produces,26,they,0.17
2025-01-25,English (American),WS,produces,27,they,0.22
2025-01-25,English (American),WS,produces,28,they,0.28
2025-01-25,English (American),WS,produces,29,they,0.38
2025-01-25,English (American),WS,produces,30,they,0.46
2025-01-25,English (American),WS,produces,16,them,0
2025-01-25,English (American),WS,produces,17,them,0
2025-01-25,English (American),WS,produces,18,them,0
2025-01-25,English (American),WS,produces,19,them,0.03
2025-01-25,English (American),WS,produces,20,them,0.03
2025-01-25,English (American),WS,produces,21,them,0.03
2025-01-25,English (American),WS,produces,22,them,0.06
2025-01-25,English (American),WS,produces,23,them,0.07
2025-01-25,English (American),WS,produces,24,them,0.08
2025-01-25,English (American),WS,produces,25,them,0.13
2025-01-25,English (American),WS,produces,26,them,0.18
2025-01-25,English (American),WS,produces,27,them,0.23
2025-01-25,English (American),WS,produces,28,them,0.26
2025-01-25,English (American),WS,produces,29,them,0.32
2025-01-25,English (American),WS,produces,30,them,0.38
2025-01-25,English (American),WS,produces,16,then,0
2025-01-25,English (American),WS,produces,17,then,0.01
2025-01-25,English (American),WS,produces,18,then,0
2025-01-25,English (American),WS,produces,19,then,0.02
2025-01-25,English (American),WS,produces,20,then,0.02
2025-01-25,English (American),WS,produces,21,then,0.02
2025-01-25,English (American),WS,produces,22,then,0.03
2025-01-25,English (American),WS,produces,23,then,0.08
2025-01-25,English (American),WS,produces,24,then,0.06
2025-01-25,English (American),WS,produces,25,then,0.08
2025-01-25,English (American),WS,produces,26,then,0.15
2025-01-25,English (American),WS,produces,27,then,0.2
2025-01-25,English (American),WS,produces,28,then,0.21
2025-01-25,English (American),WS,produces,29,then,0.32
2025-01-25,English (American),WS,produces,30,then,0.39
2025-01-25,English (American),WS,produces,16,those,0.01
2025-01-25,English (American),WS,produces,17,those,0
2025-01-25,English (American),WS,produces,18,those,0.01
2025-01-25,English (American),WS,produces,19,those,0.03
2025-01-25,English (American),WS,produces,20,those,0.05
2025-01-25,English (American),WS,produces,21,those,0.05
2025-01-25,English (American),WS,produces,22,those,0.05
2025-01-25,English (American),WS,produces,23,those,0.1
2025-01-25,English (American),WS,produces,24,those,0.12
2025-01-25,English (American),WS,produces,25,those,0.16
2025-01-25,English (American),WS,produces,26,those,0.17
2025-01-25,English (American),WS,produces,27,those,0.23
2025-01-25,English (American),WS,produces,28,those,0.28
2025-01-25,English (American),WS,produces,29,those,0.37
2025-01-25,English (American),WS,produces,30,those,0.42
2025-01-25,English (American),WS,produces,16,over,0.01
2025-01-25,English (American),WS,produces,17,over,0.02
2025-01-25,English (American),WS,produces,18,over,0.02
2025-01-25,English (American),WS,produces,19,over,0.05
2025-01-25,English (American),WS,produces,20,over,0.07
2025-01-25,English (American),WS,produces,21,over,0.1
2025-01-25,English (American),WS,produces,22,over,0.14
2025-01-25,English (American),WS,produces,23,over,0.23
2025-01-25,English (American),WS,produces,24,over,0.24
2025-01-25,English (American),WS,produces,25,over,0.31
2025-01-25,English (American),WS,produces,26,over,0.38
2025-01-25,English (American),WS,produces,27,over,0.42
2025-01-25,English (American),WS,produces,28,over,0.48
2025-01-25,English (American),WS,produces,29,over,0.55
2025-01-25,English (American),WS,produces,30,over,0.63
2025-01-25,English (American),WS,produces,16,off,0.12
2025-01-25,English (American),WS,produces,17,off,0.15
2025-01-25,English (American),WS,produces,18,off,0.26
2025-01-25,English (American),WS,produces,19,off,0.36
2025-01-25,English (American),WS,produces,20,off,0.35
2025-01-25,English (American),WS,produces,21,off,0.45
2025-01-25,English (American),WS,produces,22,off,0.52
2025-01-25,English (American),WS,produces,23,off,0.61
2025-01-25,English (American),WS,produces,24,off,0.61
2025-01-25,English (American),WS,produces,25,off,0.66
2025-01-25,English (American),WS,produces,26,off,0.7
2025-01-25,English (American),WS,produces,27,off,0.73
2025-01-25,English (American),WS,produces,28,off,0.74
2025-01-25,English (American),WS,produces,29,off,0.79
2025-01-25,English (American),WS,produces,30,off,0.84
2025-01-25,English (American),WS,produces,16,more,0.22
2025-01-25,English (American),WS,produces,17,more,0.29
2025-01-25,English (American),WS,produces,18,more,0.39
2025-01-25,English (American),WS,produces,19,more,0.47
2025-01-25,English (American),WS,produces,20,more,0.5
2025-01-25,English (American),WS,produces,21,more,0.51
2025-01-25,English (American),WS,produces,22,more,0.57
2025-01-25,English (American),WS,produces,23,more,0.71
2025-01-25,English (American),WS,produces,24,more,0.7
2025-01-25,English (American),WS,produces,25,more,0.74
2025-01-25,English (American),WS,produces,26,more,0.74
2025-01-25,English (American),WS,produces,27,more,0.8
2025-01-25,English (American),WS,produces,28,more,0.85
2025-01-25,English (American),WS,produces,29,more,0.88
2025-01-25,English (American),WS,produces,30,more,0.89
2025-01-25,English (American),WS,produces,16,mine,0.2
2025-01-25,English (American),WS,produces,17,mine,0.23
2025-01-25,English (American),WS,produces,18,mine,0.36
2025-01-25,English (American),WS,produces,19,mine,0.45
2025-01-25,English (American),WS,produces,20,mine,0.51
2025-01-25,English (American),WS,produces,21,mine,0.62
2025-01-25,English (American),WS,produces,22,mine,0.65
2025-01-25,English (American),WS,produces,23,mine,0.67
2025-01-25,English (American),WS,produces,24,mine,0.72
2025-01-25,English (American),WS,produces,25,mine,0.79
2025-01-25,English (American),WS,produces,26,mine,0.79
2025-01-25,English (American),WS,produces,27,mine,0.81
2025-01-25,English (American),WS,produces,28,mine,0.81
2025-01-25,English (American),WS,produces,29,mine,0.88
2025-01-25,English (American),WS,produces,30,mine,0.87
2025-01-25,English (American),WS,produces,16,me,0.11
2025-01-25,English (American),WS,produces,17,me,0.19
2025-01-25,English (American),WS,produces,18,me,0.24
2025-01-25,English (American),WS,produces,19,me,0.35
2025-01-25,English (American),WS,produces,20,me,0.39
2025-01-25,English (American),WS,produces,21,me,0.47
2025-01-25,English (American),WS,produces,22,me,0.48
2025-01-25,English (American),WS,produces,23,me,0.59
2025-01-25,English (American),WS,produces,24,me,0.59
2025-01-25,English (American),WS,produces,25,me,0.7
2025-01-25,English (American),WS,produces,26,me,0.67
2025-01-25,English (American),WS,produces,27,me,0.78
2025-01-25,English (American),WS,produces,28,me,0.77
2025-01-25,English (American),WS,produces,29,me,0.83
2025-01-25,English (American),WS,produces,30,me,0.84
2025-01-25,English (American),WS,produces,16,much,0.01
2025-01-25,English (American),WS,produces,17,much,0.01
2025-01-25,English (American),WS,produces,18,much,0.02
2025-01-25,English (American),WS,produces,19,much,0.04
2025-01-25,English (American),WS,produces,20,much,0.03
2025-01-25,English (American),WS,produces,21,much,0.04
2025-01-25,English (American),WS,produces,22,much,0.07
2025-01-25,English (American),WS,produces,23,much,0.1
2025-01-25,English (American),WS,produces,24,much,0.14
2025-01-25,English (American),WS,produces,25,much,0.16
2025-01-25,English (American),WS,produces,26,much,0.19
2025-01-25,English (American),WS,produces,27,much,0.21
2025-01-25,English (American),WS,produces,28,much,0.26
2025-01-25,English (American),WS,produces,29,much,0.34
2025-01-25,English (American),WS,produces,30,much,0.41
2025-01-25,English (American),WS,produces,16,how,0
2025-01-25,English (American),WS,produces,17,how,0.01
2025-01-25,English (American),WS,produces,18,how,0.02
2025-01-25,English (American),WS,produces,19,how,0.03
2025-01-25,English (American),WS,produces,20,how,0.05
2025-01-25,English (American),WS,produces,21,how,0.05
2025-01-25,English (American),WS,produces,22,how,0.09
2025-01-25,English (American),WS,produces,23,how,0.13
2025-01-25,English (American),WS,produces,24,how,0.14
2025-01-25,English (American),WS,produces,25,how,0.17
2025-01-25,English (American),WS,produces,26,how,0.24
2025-01-25,English (American),WS,produces,27,how,0.29
2025-01-25,English (American),WS,produces,28,how,0.28
2025-01-25,English (American),WS,produces,29,how,0.43
2025-01-25,English (American),WS,produces,30,how,0.51
